veiculo,midia,ano,mes,total,outros,jornalistas,manchete,fonte,link,obs
Editora Abril,Revista,2012,2012-01-17,4,0,4,Editora Abril demite quatro diretores de redação,Portal Comunique-se,http://portal.comunique-se.com.br/index.php/imprensa/67652-editora-abril-demite-quatro-diretores-de-redacao,
Record,Rádio e TV,2012,2012-01-24,2,0,2,"R7 demite editores, repórteres e estagiários",Portal Comunique-se,http://portal.comunique-se.com.br/index.php/imprensa/67737-r7-demite-editores-reporteres-e-estagiarios,Pelo menos 2 jornalistas demitidos
Bandeirantes,Rádio e TV,2012,2012-01-31,20,8,12,Band Rio demite jornalistas e encerra programa de Cidinha Campos,Portal Imprensa,http://www.portalimprensa.com.br/noticias/ultimas_noticias/46979/band+rio+demite+jornalistas+e+encerra+programa+de+cidinha+campos,Pelo menos 12 jornalistas demitidos
Bandeirantes,Rádio e TV,2012,2012-02-02,7,0,7,"Além de Luiz Ceará, outros seis são demitidos da equipe de esportes da Band",Portal Imprensa,http://www.portalimprensa.com.br/noticias/brasil/47024/alem+de+luiz+ceara+outros+seis+sao+demitidos+da+equipe+de+esportes+da+band,
Bandeirantes,Rádio e TV,2012,2012-02-08,17,15,2,Band acaba com a produção de dois programas e demite jornalistas,Portal Comunique-se,http://portal.comunique-se.com.br/index.php/imprensa/67903-band-acaba-com-a-producao-de-dois-programas-e-demite-jornalistas,Pelo menos 2 jornalistas demitidos
TV Cultura,Rádio e TV,2012,2012-03-09,50,48,2,Cultura demite 50 funcionários e muda programas clássicos,Folha de S.Paulo,http://www1.folha.uol.com.br/fsp/poder/30214-cultura-demite-50-funcionarios-e-muda-programas-classicos.shtml,Pelo menos 2 jornalistas demitidos
Rede TV!,Rádio e TV,2012,2012-03-16,190,189,1,RedeTV! volta atrás na demissão de Milene Domingues; mas mantém cortes no Esporte,Portal Imprensa,http://www.portalimprensa.com.br/noticias/brasil/47889/redetv+volta+atras+na+demissao+de+milene+domingues+mas+mantem+cortes+no+esporte,"Pelo menos 190 profissionais demitidos, entre eles pelo menos 1 jornalista demitido. Há relatos não confirmados de 450 demissões. "
Rádio Globo/CBN,Rádio e TV,2012,2012-05-29,1,0,1,"“Contenção de gastos” provoca demissão do gerente nacional da Rádio Globo, Marcus Aurélio",Portal Comunique-se,http://portal.comunique-se.com.br/index.php/editorias/17-destaque-home/68729--contencao-de-gastos-provoca-demissao-do-gerente-nacional-da-radio-globo-marcus-aurelio.html,
RIT TV,Rádio e TV,2012,2012-06-25,50,40,10,RIT TV demite mais de 10 jornalistas em corte que atinge cerca de 50 profissionais,Portal Comunique-se,http://portal.comunique-se.com.br/index.php/editorias/28-carreira/68961-rit-tv-demite-mais-de-10-jornalistas-em-corte-que-atinge-cerca-de-50-profissionais.html,
Jornal A Tarde,Jornal,2012,2012-07-17,80,60,20,Jornal A Tarde demite cerca de 80 funcionários; mais de 20 são jornalistas,Portal Comunique-se,http://portal.comunique-se.com.br/index.php?option=com_content&view=article&id=69242:jornal-a-tarde-demite-cerca-de-80-funcionarios-mais-de-20-sao-jornalistas&catid=17:destaque-home&Itemid=20,
iG,Online,2012,2012-09-21,12,0,12,Portal IG promove cortes; demissões podem chegar a 30% da redação,Portal Imprensa,http://www.portalimprensa.com.br/noticias/ultimas_noticias/53725/portal+ig+promove+cortes+demissoes+podem+chegar+a+30+da+redacao,
Diário de Natal,Jornal,2012,2012-10-02,30,30,0,Diário de Natal demite jornalistas e anuncia fim da versão impressa,Portal Comunique-se,http://portal.comunique-se.com.br/index.php/editorias/28-carreira/69910-diario-de-natal-demite-jornalistas-e-anuncia-fim-da-versao-impressa.html,
Record,Rádio e TV,2012,2012-11-05,30,0,30,"Com reformulação na grade, Record News demite 70% da redação",Portal Imprensa,http://www.portalimprensa.com.br/noticias/brasil/54713/com+reformulacao+na+grade+record+news+demite+70+da+redacao,
Editora Três (IstoÉ),Revista,2012,2012-12-10,6,0,6,IstoÉ Gente demite seis jornalistas e passa a ser mensal,Portal Comunique-se,http://portal.comunique-se.com.br/index.php/imprensa/70381-istoe-gente-demite-seis-jornalistas-e-passa-a-ser-mensal,
Terra,Online,2012,2012-12-12,150,150,0,Portal Terra promove cortes de pessoal; cerca de 150 são demitidos,Portal Imprensa,http://www.portalimprensa.com.br/noticias/ultimas_noticias/55497/portal+terra+promove+cortes+de+pessoal+cerca+de+150+sao+demitidos,
InfoMoney,Online,2012,2012-12-14,9,3,6,Info Money encerra contrato com parceiras e demite seis jornalistas,Portal Comunique-se,http://portal.comunique-se.com.br/index.php/editorias/17-destaque-home/70445-infomoney-encerra-contrato-com-parceiras-e-demite-seis-jornalistas.html,
Editora Abril,Revista,2012,2012-12-17,4,0,4,"Após negar fechamento, Editora Abril diz que Quatro Rodas Moto será descontinuada",Portal Imprensa,http://www.portalimprensa.com.br/noticias/brasil/55579/apos+negar+fechamento+editora+abril+diz+que+quatro+rodas+moto+sera+descontinuada,
TV Climatempo,Rádio e TV,2012,2012-12-19,25,25,0,TV Climatempo demite jornalistas e corre risco de ser fechada,Portal Comunique-se,http://portal.comunique-se.com.br/index.php/imprensa/70494-tv-climatempo-demite-jornalistas-e-corre-risco-de-ser-fechada,"Segundos relatos do site de tecnologia Converge, foram 25 demitidos"
Revista Trip,Revista,2013,2013-01-29,2,0,2,Revista Trip passa por reestruturação financeira e demite jornalistas,Portal Imprensa,http://www.portalimprensa.com.br/noticias/brasil/56431/revista+trip+passa+por+reestruturacao+financeira+e+demite+jornalistas,
O Vale,Jornal,2013,2013-01-29,9,1,8,Repórteres de jornais de São José dos Campos (SP) entram em estado de greve,Portal Imprensa,http://www.portalimprensa.com.br/noticias/brasil/56395/reporteres+de+jornais+de+sao+jose+dos+campos+sp+entram+em+estado+de+greve,
Sistema Jangadeiro,Rádio e TV,2013,2013-02-22,9,0,9,Afiliada da Band no Ceará dispensa nove da equipe de jornalismo,Portal Comunique-se,http://portal.comunique-se.com.br/index.php/editorias/17-destaque-home/71044-afiliada-da-band-no-ceara-dispensa-nove-da-equipe-de-jornalismo.html,
Caros Amigos,Revista,2013,2013-03-11,11,0,11,Caros Amigos demite todos os funcionários em greve por “quebra de confiança”,Portal Imprensa,http://www.portalimprensa.com.br/noticias/ultimas_noticias/57274/caros+amigos+demite+todos+os+funcionarios+em+greve+por+quebra+de+confianca,
RBS,Rádio e TV,2013,2013-03-22,14,0,14,Sindicato dos Jornalistas de SC repudia demissões em massa no Grupo RBS,Portal Imprensa,http://www.portalimprensa.com.br/noticias/brasil/57547/sindicato+dos+jornalistas+de+sc+repudia+demissoes+em+massa+no+grupo+rbs,
Reuters,Online,2013,2013-04-01,4,0,4,Reuters demite 4 jornalistas,Informação da Empresa,,
Grupo Estado,Jornal,2013,2013-04-05,31,11,20,"Após período de demissões, Estadão estreia novo formato",Portal Imprensa,http://www.portalimprensa.com.br/noticias/brasil/58165/apos+periodo+de+demissoes+estadao+estreia+novo+formato,Relatos dão conta de pelo menos 20 jornalistas demitidos
Bandeirantes,Rádio e TV,2013,2013-04-05,30,30,0,"Em nota, sindicato dos jornalistas repudia demissões da Band em Barra Mansa (RJ)",Portal Imprensa,http://www.portalimprensa.com.br/noticias/ultimas_noticias/57829/em+nota+sindicato+dos+jornalistas+repudia+demissoes+da+band+em+barra+mansa+rj,
Record,Rádio e TV,2013,2013-04-08,10,6,4,Record de Ribeirão Preto demite dez funcionários,Portal Comunique-se,http://portal.comunique-se.com.br/index.php/imprensa/71451-record-de-ribeirao-preto-demite-dez-funcionarios,
CNT Curitiba,Rádio e TV,2013,2013-04-09,48,40,8,CNT de Curitiba promove demissões e fica sem equipe de reportagem,Portal Comunique-se,http://portal.comunique-se.com.br/index.php/11-editorias/comunicacao/71474-cnt-de-curitiba-promove-demissoes-e-fica-sem-equipe-de-reportagem,
Ejesa,Jornal,2013,2013-04-11,24,0,24,Brasil Econômico anuncia novo projeto gráfico e sede no RJ em meio à crise,Portal Imprensa,http://www.portalimprensa.com.br/noticias/brasil/57971/brasil+economico+anuncia+novo+projeto+grafico+e+sede+no+rj+em+meio+a+crise,
Jovem Pan,Rádio e TV,2013,2013-04-22,1,0,1,Repórter é demitido da Jovem Pan depois de 19 anos na emissora,Portal Comunique-se,http://portal.comunique-se.com.br/index.php/imprensa/71572-reporter-e-demitido-da-jovem-pan-depois-de-19-anos-na-emissora,
Valor Econômico,Jornal,2013,2013-05-23,50,0,50,Passaralho: Valor Econômico demite 50 profissionais; cortes afetam a redação,Portal Comunique-se,http://portal.comunique-se.com.br/index.php/especiais/71894-passaralho-valor-economico-demite-50-profissionais-cortes-afetam-a-redacao,
Grupo Folha,Jornal,2013,2013-06-04,5,0,5,Passaralho: Folha demite vencedora do Prêmio Esso,Portal Comunique-se,http://portal.comunique-se.com.br/index.php/em-revista/71970-passaralho-folha-demite-vencedora-do-premio-esso-e-encerra-ilustrissima,Pelo menos 5 jornalistas demitidos
Folha de Pernambuco,Jornal,2013,2013-06-05,9,0,9,“Folha de Pernambuco” demite nove profissionais de várias editorias,Portal Imprensa,http://www.portalimprensa.com.br/noticias/brasil/59161/folha+de+pernambuco+demite+nove+profissionais+de+varias+editorias,
Record,Rádio e TV,2013,2013-06-06,300,300,0,"Após 300 demissões, Record perde Gugu Liberato",Portal Comunique-se,http://portal.comunique-se.com.br/index.php/jo-com/71993-apos-300-demissoes-record-perde-gugu-liberato,
Editora Abril,Revista,2013,2013-06-07,7,7,0,Editora Abril demite Diretores de Núcleo; até dez títulos podem ser fechados,Portal Imprensa,http://www.portalimprensa.com.br/noticias/brasil/59235/editora+abril+demite+diretores+de+nucleo+ate+dez+titulos+podem+ser+fechados,
Infoglobo,Jornal,2013,2013-06-28,10,0,10,"O Globo realiza mudanças editoriais, encerra suplemento “Formou” e faz cortes na redação",Portal Imprensa,http://www.portalimprensa.com.br/noticias/brasil/59701/o+globo+realiza+mudancas+editoriais+encerra+suplemento+formou+e+faz+cortes+na+redacao,
Rede TV!,Rádio e TV,2013,2013-07-02,30,0,30,"Com programa extinto, Rede TV demite 30 profissionais do jornalismo",Portal Comunique-se,http://portal.comunique-se.com.br/index.php/acontece/72210-com-programa-extinto-rede-tv-demite-30-profissionais-do-jornalismo,
Rede TV!,Rádio e TV,2013,2013-07-02,3,0,3,Mais demissões na Rede TV: departamento de esporte sofre três baixas,Portal Comunique-se,http://portal.comunique-se.com.br/index.php/sub-destaque-home/72225-mais-demissoes-na-rede-tv-departamento-de-esporte-sofre-tres-baixas,
Rede Minas,Rádio e TV,2013,2013-07-23,50,50,0,"Em meio à crise, Rede Minas de Televisão pode ter corte de funcionários",Portal Imprensa,http://www.portalimprensa.com.br/noticias/brasil/59293/em++meio+a+crise+rede+minas+de+televisao+pode+ter+corte+de+funcionarios,"Cortes poderiam chegar a 450, segundo relatos"
Bandeirantes,Rádio e TV,2013,2013-08-01,5,0,5,Rádio Bandeirantes reestrutura emissora e demite Mauro Beting; há outros cortes,Portal Imprensa,http://www.portalimprensa.com.br/noticias/ultimas_noticias/60432/radio+bandeirantes+reestrutura+emissora+e+demite+mauro+beting+ha+outros+cortes,
Editora Abril,Revista,2013,2013-08-13,150,79,71,"Após acordo, editora Abril pagará pacote de benefícios para os jornalistas demitidos",Portal Imprensa,http://www.portalimprensa.com.br/noticias/brasil/60626/apos+acordo+editora+abril+pagara+pacote+de+beneficios+para+os+jornalistas+demitidos,
Bandeirantes,Rádio e TV,2013,2013-08-21,2,0,2,Band demite jornalistas e encerra programa local do Triângulo Mineiro,Portal Comunique-se,http://portal.comunique-se.com.br/index.php/imprensa/72599-band-demite-jornalistas-e-encerra-programa-local-do-triangulo-mineiro,Pelo menos 2 jornalistas demitidos
SBT,Rádio e TV,2013,2013-09-04,60,60,0,SBT confirma demissão de cerca de 60 funcionários,Portal Imprensa,http://www.portalimprensa.com.br/noticias/brasil/61026/sbt+confirma+demissao+de+cerca+de+60+funcionarios,
MTV,Rádio e TV,2013,2013-09-04,300,300,0,Fim da MTV gerou cerca de 300 demissões,Portal Imprensa,http://www.portalimprensa.com.br/noticias/brasil/61023/fim+da+mtv+gerou+cerca+de+300+demissoes,
ESPN,Rádio e TV,2013,2013-09-09,1,0,1,ESPN Brasil demite Flavio Gomes por declarações contra o Grêmio no Twitter,Portal Imprensa,http://www.portalimprensa.com.br/noticias/ultimas_noticias/61109/espn+brasil+demite+flavio+gomes+por+declaracoes+contra+o+gremio+no+twitter,
SBT,Rádio e TV,2013,2013-09-10,1,0,1,"Após ser afastada do Jornal da Manhã, SBT dispensa Analice Nicolau",Portal Imprensa,http://www.portalimprensa.com.br/noticias/brasil/61128/apos+ser+afastada+do+jornal+da+manha+sbt+dispensa+analice+nicolau,
TV dos Trabalhadores,Rádio e TV,2013,2013-10-10,17,0,17,TVT e “ABCD Maior” iniciam cortes de 30% da redação,Portal Imprensa,http://www.portalimprensa.com.br/noticias/brasil/61672/tvt+e+abcd+maior+iniciam+cortes+de+30+da+redacao,
ABCD Maior,Jornal,2013,2013-10-10,10,0,10,TVT e “ABCD Maior” iniciam cortes de 30% da redação,Portal Imprensa,http://www.portalimprensa.com.br/noticias/brasil/61672/tvt+e+abcd+maior+iniciam+cortes+de+30+da+redacao,
Correio Braziliense,Jornal,2013,2013-10-15,36,30,6,Correio Braziliense dispensa seis jornalistas; cortes contabilizam 36 funcionários,Portal Imprensa,http://www.portalimprensa.com.br/noticias/brasil/61737/correio+braziliense+dispensa+seis+jornalistas+cortes+contabilizam+36+funcionarios,
Jornal Hoje em Dia,Jornal,2013,2013-11-14,25,0,25,Passaralho: Jornal Hoje em Dia demite mais de 20 da redação,Portal Comunique-se,http://portal.comunique-se.com.br/index.php/jo-com/73253-passaralho-jornal-hoje-em-dia-demite-mais-de-20-da-redacao,
RBA TV,Rádio e TV,2013,2013-11-19,4,0,4,"Após período de estabilidade, Grupo RBA demite grevistas; empresa nega retaliação",Portal Imprensa,http://www.portalimprensa.com.br/noticias/brasil/62339/apos+periodo+de+estabilidade+grupo+rba+demite+jornalistas+que+lideraram+greve,
Época,Revista,2013,2013-12-20,8,0,8,"Após fim da Época SP, editora Globo demite equipe da revista",Portal Imprensa,http://www.portalimprensa.com.br/noticias/ultimas_noticias/62927/apos+fim+da+epoca+sp+editora+globo+demite+equipe+da+revista,
SBT,Rádio e TV,2014,2014-02-10,3,0,3,SBT demite comentaristas para reduzir espaço opinativo em seus telejornais,Portal Imprensa,http://www.portalimprensa.com.br/noticias/brasil/63854/sbt+demite+comentaristas+para+reduzir+espaco+opinativo+em+seus+telejornais,
Grupo Folha,Jornal,2014,2014-02-10,1,0,1,IMPRENSA relembra as notícias que movimentaram a mídia em 2015,Portal Imprensa,http://www.portalimprensa.com.br/revista_imprensa/conteudo-extra/69764/imprensa+relembra+as+noticias+que+movimentaram+a+midia+em+2015,
Jornal do Commercio,Jornal,2014,2014-02-26,13,2,11,Nota da Diretoria de Redação do Jornal do Commercio,OmbudsmanPE,http://ombudspe.org.br/nota-da-diretoria-de-redacao-do-jornal-do-commercio/,
Correio Braziliense,Jornal,2014,2014-05-07,70,64,6,"Após cortes no Correio Braziliense, sindicato aguarda lista de funcionários demitidos",Portal Imprensa,http://www.portalimprensa.com.br/noticias/ultimas_noticias/65601/apos+cortes+no+correio+braziliense+sindicato+aguarda+lista+de+funcionarios+demitidos,
TV Senado,Rádio e TV,2014,2014-05-13,85,85,0,TV Senado demite 40% dos funcionários terceirizados; sindicato repudia os cortes,Portal Imprensa,http://www.portalimprensa.com.br/noticias/ultimas_noticias/65717/tv+senado+demite+40+dos+funcionarios+terceirizados+sindicato+repudia+os+cortes,"Segundo o relato, a TV Senado demitiu cerca de 40% de seus 213 trabalhadores terceirizados, ou seja, 85."
Gazeta do Povo,Jornal,2014,2014-07-03,23,0,23,Passaralho: Sindicato acusa Gazeta do Povo de cometer “erros de gestão”,Portal Comunique-se,http://portal.comunique-se.com.br/index.php/imprensa/75100-passaralho-sindicato-acusa-gazeta-do-povo-de-cometer-erros-de-gestao,
Gazeta do Povo,Jornal,2014,2014-07-03,14,0,14,Passaralho: Sindicato acusa Gazeta do Povo de cometer “erros de gestão”,Portal Comunique-se,http://portal.comunique-se.com.br/index.php/imprensa/75100-passaralho-sindicato-acusa-gazeta-do-povo-de-cometer-erros-de-gestao,
RBS,Rádio e TV,2014,2014-08-08,130,90,40,"Ao negar crise financeira, Grupo RBS demite 40 jornalistas em reestruturação",Portal Comunique-se,http://portal.comunique-se.com.br/index.php/especiais/74940-ao-negar-crise-financeira-grupo-rbs-demite-40-jornalistas-em-reestruturacao,
Terra,Online,2014,2014-08-13,100,50,50,Terra demite pelo menos 100 funcionários; redação é a área mais afetada,Portal Imprensa,http://www.portalimprensa.com.br/noticias/brasil/67460/terra+demite+pelo+menos+100+funcionarios+redacao+e+a+area+mais+afetada,"Segundo relatos de outros sites, pelo menos 50 jornalistas foram demitidos. Número final não reportado."
Editora Abril,Revista,2014,2014-08-26,20,20,0,Editora Abril demite executivos e reformula UNs para ganhar força no mercado publicitário,Portal Imprensa,http://www.portalimprensa.com.br/noticias/brasil/67712/editora+abril+demite+executivos+e+reformula+uns+para+ganhar+forca+no+mercado+publicitario,"Alguns dos executivos demitidos eram jornalistas, mas é difícil discriminar quantos, considerando que alguns desempenhavam funções mais executivas"
Lance,Jornal,2014,2014-09-30,37,7,30,Redação do Lance! no RJ demite 30 jornalistas para se adequar ao mercado,Portal Imprensa,http://www.portalimprensa.com.br/noticias/brasil/68418/redacao+do+lance+no+rj+demite+jornalistas+para+se+adequar+ao+mercado,
ESPN,Rádio e TV,2014,2014-10-02,10,0,10,ESPN demite dez jornalistas; mudanças visam renovação do quadro de funcionários,Portal Imprensa,http://www.portalimprensa.com.br/noticias/ultimas_noticias/68473/espn+demite+dez+jornalistas+mudancas+visam+renovacao+do+quadro+de+funcionarios,
Grupo Estado,Jornal,2014,2014-10-08,3,0,3,Rádio Estadão demite dois apresentadores e um repórter na mesma semana,Portal Imprensa,http://www.portalimprensa.com.br/noticias/brasil/68586/radio+estadao+demite+dois+apresentadores+e+um+reporter+na+mesma+semana,
Diário do Comércio,Jornal,2014,2014-11-01,20,0,20,Versão impressa do Diário do Comércio (SP) deixa de circular,Portal dos Jornalistas,http://www.portaldosjornalistas.com.br/noticias-conteudo.aspx?id=3080,Pelo menos 20 jornalistas demitidos
Rádio Gaúcha,Rádio e TV,2014,2014-11-05,3,0,3,Rádio Gaúcha demite repórteres,Portal Comunique-se,http://portal.comunique-se.com.br/index.php/artigos-colunas/75573-radio-gaucha-demite-reporteres,
Jovem Pan,Rádio e TV,2014,2014-11-05,1,0,1,Jovem Pan dispensa Fernando Zamith após 23 anos e nega novos cortes na equipe,Portal Imprensa,http://www.portalimprensa.com.br/noticias/ultimas_noticias/69154/jovem+pan+dispensa+fernando+zamith+apos+23+anos+e+nega+novos+cortes+na+equipe,
Gazeta do Povo,Jornal,2014,2014-11-05,5,0,5,“Gazeta do Povo” faz nova leva de cortes e fecha duas sucursais; sindicato protesta,Portal Imprensa,http://www.portalimprensa.com.br/noticias/ultimas_noticias/69155/gazeta+do+povo+faz+nova+leva+de+cortes+e+fecha+duas+sucursais+sindicato+protesta,
Grupo RAC,Jornal,2014,2014-11-07,15,15,0,Grupo RAC demite 15 funcionários por problemas financeiros e admite novos cortes,Portal Imprensa,http://www.portalimprensa.com.br/noticias/brasil/69198/grupo+rac+demite+15+funcionarios+por+problemas+financeiros+e+admite+novos+cortes,
Grupo Folha,Jornal,2014,2014-11-19,24,0,24,"Existe vida além da Folha, existe vida além do impresso, afirma Eliane Cantanhêde",Portal Imprensa,http://www.portalimprensa.com.br/noticias/brasil/69418/existe+vida+alem+da+folha+existe+vida+alem+do+impresso+afirma+eliane+cantanhede,
Folha de Londrina,Jornal,2014,2014-11-21,20,12,8,Folha de Londrina demite 20 funcionários para reduzir custos; sindicatos repudiam,Portal Imprensa,http://www.portalimprensa.com.br/noticias/brasil/69437/folha+de+londrina+demite+20+funcionarios+para+reduzir+custos+sindicatos+repudiam,
Reuters,Online,2014,2014-12-01,1,0,1,Reuters demite 1 jornalista,Informação da Empresa,,
Grupo Estado,Jornal,2014,2014-12-05,2,0,2,Bruno Paes Manso e Tutty Vasques são demitidos do Estadão por corte de gastos,Portal Imprensa,http://www.portalimprensa.com.br/noticias/ultimas_noticias/69770/bruno+paes+manso+e+tutty+vasques+sao+demitidos+do+estadao+por+corte+de+gastos,
O Estado de Minas,Jornal,2015,2015-01-07,11,0,11,"Em crise, o jornal O Estado de Minas promove a demissão de 11 jornalistas",Portal Imprensa,http://www.portalimprensa.com.br/noticias/ultimas_noticias/70190/em+crise+o+jornal+o+estado+de+minas+promove+a+demissao+de+11+jornalistas,
Infoglobo,Jornal,2015,2015-01-08,160,130,30,"O Globo faz cortes na redação, demite Artur Xexéo e outros jornalistas",Portal Imprensa,http://www.portalimprensa.com.br/noticias/brasil/70198/o+globo+faz+cortes+na+redacao+demite+artur+xexeo+e+outros+jornalistas,
Grupo Folha,Jornal,2015,2015-01-08,5,0,5,Folha de S.Paulo corta cinco profissionais em Ribeirão Preto,Portal dos Jornalistas,http://www.portaldosjornalistas.com.br/noticia/folha-s-paulo-corta-cinco-profissionais-em-ribeirao-preto,
Valor Econômico,Jornal,2015,2015-02-26,5,5,0,Dez saem do Valor Econômico,Portal dos Jornalistas,http://portaldosjornalistas.com.br/noticias-conteudo.aspx?id=3430,
TV Bahia,Rádio e TV,2015,2015-03-03,37,35,2,"TV Bahia, afiliada da Globo, demite 37 funcionários; sindicato tenta reverter cortes",Portal Imprensa,http://www.portalimprensa.com.br/noticias/brasil/71049/tv+bahia+afiliada+da+globo+demite+37+funcionarios+sindicato+tenta+reverter+cortes,
Editora Três (IstoÉ),Revista,2015,2015-03-03,26,0,26,"Editora Três fecha a revista IstoÉ Gente, demite jornalistas e encerra departamentos",Portal Imprensa,http://www.portalimprensa.com.br/noticias/ultimas_noticias/71050/editora+tres+fecha+a+revista+istoe+gente+demite+jornalistas+e+encerra+departamentos,
Bandeirantes,Rádio e TV,2015,2015-03-17,25,22,3,Band demite irmã de Patrícia Poeta e mais 10 funcionários no Rio Grande do Sul,Portal Comunique-se,http://portal.comunique-se.com.br/index.php/destaque-home/76704-band-demite-irma-de-patricia-poeta-e-mais-10-funcionarios-no-rio-grande-do-sul,Pelo menos 3 jornalistas demitidos
Record,Rádio e TV,2015,2015-03-24,20,20,0,Record demite 20 funcionários no setor de maquinaria; sindicato denuncia irregularidades,Portal Imprensa,http://www.portalimprensa.com.br/noticias/brasil/71411/record+demite+20+funcionarios+no+setor+de+maquinaria+sindicato+denuncia+irregularidades,
Editora Segmento,Revista,2015,2015-03-25,20,12,8,Editora Segmento demite 20 funcionários e pode encerrar publicações anuais,Portal Imprensa,http://www.portalimprensa.com.br/noticias/brasil/71437/editora+segmento+demite+20+funcionarios+e+pode+encerrar+publicacoes+anuais,
Diario de Pernambuco,Jornal,2015,2015-03-25,100,70,30,Novo dono demite mais de 130 funcionários dos jornais Diario de Pernambuco e AquiPE,Portal Imprensa,http://www.portalimprensa.com.br/noticias/ultimas_noticias/71441/novo+dono+demite+mais+de+130+funcionarios+dos+jornais+diario+de+pernambuco+e+aquipe,
Bandeirantes,Rádio e TV,2015,2015-03-28,50,43,7,Band demite 50 profissionais e encerra três programas no Rio de Janeiro,Portal Imprensa,http://www.portalimprensa.com.br/noticias/brasil/71499/band+demite+50+profissionais+e+encerra+tres+programas+no+rio+de+janeiro,"Segundo relatos do Comunique-se, pelo menos 7 jornalistas foram demitidos"
Grupo Folha,Jornal,2015,2015-04-01,7,7,0,Agora desliga sete funcionários; cortes podem chegar a outros veículos do Grupo,Portal Imprensa,http://www.portalimprensa.com.br/noticias/ultimas_noticias/71569/agora+desliga+sete+funcionarios+cortes+podem+chegar+a+outros+veiculos+do+grupo,
Bandeirantes,Rádio e TV,2015,2015-04-01,10,7,3,Band demite três editores do Café com Jornal; Aline Midlej deixa a bancada,Portal Imprensa,http://www.portalimprensa.com.br/noticias/brasil/71568/band+demite+tres+editores+do+cafe+com+jornal+aline+midlej+deixa+a+bancada,Pelo menos 3 jornalistas demitidos
Grupo Estado,Jornal,2015,2015-04-06,125,85,40,TRT proíbe Estadão de realizar novos cortes e pode reverter demissões,Portal Imprensa,http://www.portalimprensa.com.br/noticias/brasil/71753/trt+proibe+estadao+de+realizar+novos+cortes+e+pode+reverter+demissoes,
Grupo Folha,Jornal,2015,2015-04-10,50,20,30,"Folha corta 50, sendo 30 na Redação",Portal dos Jornalistas,http://www.portaldosjornalistas.com.br/noticias-conteudo.aspx?id=3578,
Jovem Pan,Rádio e TV,2015,2015-04-13,3,0,3,"Após mais de 50 anos, rádio Jovem Pan demite o jornalista Claudio Carsughi",Portal Imprensa,http://www.portalimprensa.com.br/noticias/ultimas_noticias/71745/apos+mais+de+50+anos+radio+jovem+pan+demite+o+jornalista+claudio+carsughi,
SBT,Rádio e TV,2015,2015-04-14,46,23,23,"Após cancelar o telejornal Notícias da Manhã, SBT demite 46 funcionários",Portal Imprensa,http://www.portalimprensa.com.br/noticias/brasil/71780/apos+cancelar+o+telejornal+noticias+da+manha+sbt+demite+46+funcionarios,Pelo menos 23 jornalistas demitidos
Record,Rádio e TV,2015,2015-04-17,7,0,7,Record demite jornalistas responsáveis por entrevista com Suzane von Richthofen,Portal Imprensa,http://www.portalimprensa.com.br/noticias/brasil/71859/record+demite+jornalistas+responsaveis+por+entrevista+com+suzane+von+richthofen,
ESPN,Rádio e TV,2015,2015-05-06,3,3,0,"ESPN fecha rádio após oito anos, demite funcionários e anuncia foco no digital",Portal Imprensa,http://www.portalimprensa.com.br/noticias/ultimas_noticias/72116/espn+fecha+radio+apos+oito+anos+demite+funcionarios+e+anuncia+foco+no+digital,
Revista Piauí,Revista,2015,2015-05-07,3,0,3,Revista “Piauí” demite três profissionais em meio à licença de outros repórteres,Portal Imprensa,http://www.portalimprensa.com.br/noticias/brasil/72143/revista+piaui+demite+tres+profissionais+em+meio+a+licenca+de+outros+reporteres,
iG,Online,2015,2015-05-14,20,0,20,iG demite 20 jornalistas e diz que cortes são reflexo da crise econômica do país,Portal Imprensa,http://www.portalimprensa.com.br/noticias/ultimas_noticias/72269/ig+demite+20+jornalistas+e+diz+que+cortes+sao+reflexo+da+crise+economica+do+pais,
Editora Abril,Revista,2015,2015-05-20,261,177,84,Veja demite quatro jornalistas; revista planeja reduzir salário de colunistas,Portal Imprensa,http://www.portalimprensa.com.br/noticias/brasil/72612/sindicatos+se+reunem+para+discutir+recentes+demissoes+na+editora+abril,Estima-se 81 jornalistas demitidos neste ano pela Veja
Editora Três (IstoÉ),Revista,2015,2015-06-18,1,0,1,Eumano Silva é demitido e deixa a diretoria da IstoÉ em Brasília (DF),Portal Imprensa,http://www.portalimprensa.com.br/noticias/brasil/72830/eumano+silva+e+demitido+e+deixa+a+diretoria+da+istoe+em+brasilia+df,Pelo menos 1 jornalista demitido
TV Escola,Rádio e TV,2015,2015-06-19,60,60,0,"Por corte de gastos, produtora responsável pela TV Escola demite 60 funcionários",Portal Imprensa,http://www.portalimprensa.com.br/noticias/brasil/72850/por+corte+de+gastos+produtora+responsavel+pela+tv+escola+demite+60+funcionarios,
SBT,Rádio e TV,2015,2015-06-24,3,0,3,"SBT dispensa Neila Medeiros, coordenador e chefe de redação",Portal Comunique-se,http://portal.comunique-se.com.br/index.php/jo-com/77737-sem-projeto-no-sbt-neila-medeiros-e-dispensada,
A Tribuna,Jornal,2015,2015-07-08,30,23,7,Sete jornalistas são demitidos do jornal A Tribuna; 30 dispensados no total,Portal Imprensa,http://www.portalimprensa.com.br/noticias/brasil/73199/sete+jornalistas+sao+demitidos+do+jornal+a+tribuna+30+dispensados+no+total,
TV Cultura,Rádio e TV,2015,2015-07-16,100,100,0,Presidente da TV Cultura nega desmonte e diz que não haverá mais demissões,UOL,http://televisao.uol.com.br/noticias/redacao/2015/08/11/presidente-da-tv-cultura-nega-desmonte-e-diz-que-nao-havera-mais-demissoes.htm,"Jornalistas foram certamente demitidos, mas não se sabe quantos exatamente"
O Tempo,Jornal,2015,2015-07-28,13,2,11,Jornal O Tempo demite mais de 10 na redação e provoca repúdio de sindicato,Portal Comunique-se,http://portal.comunique-se.com.br/index.php/jo-com/78109-jornal-o-tempo-demite-mais-de-10-na-redacao-e-provoca-repudio-de-sindicato,
Grupo RAC,Jornal,2015,2015-08-05,5,0,5,Jornal do interior de São Paulo demite cinco profissionais da redação,Portal Imprensa,http://portal.comunique-se.com.br/index.php/jo-com/78228-jornal-do-interior-de-sao-paulo-demite-cinco-profissionais-da-redacao,
Terra,Online,2015,2015-08-06,60,0,60,Terra reestrutura negócio com corte de 80% da redação e fechamento de sucursais,Portal Imprensa,http://portalimprensa.com.br/noticias/ultimas_noticias/73667/terra+reestrutura+negocio+com+corte+de+80+da+redacao+e+fechamento+de+sucursais,
Rede TV!,Rádio e TV,2015,2015-08-06,8,0,8,RedeTV! demite oito jornalistas para desinchar redação; cortes devem continuar,Portal Imprensa,http://portalimprensa.com.br/noticias/brasil/73678/redetv+demite+oito+jornalistas+para+desinchar+redacao+cortes+devem+continuar,
Vice,Online,2015,2015-08-07,2,0,2,Vice demite 2 jornalistas,Informação da Empresa,,
Editora Abril,Revista,2015,2015-08-12,12,0,12,Editora Abril encerra versão digital da INFO; 12 profissionais são demitidos,Portal Imprensa,http://portalimprensa.com.br/noticias/ultimas_noticias/73761/editora+abril+encerra+versao+digital+da+info+12+profissionais+sao+demitidos,
Gazeta do Povo,Jornal,2015,2015-08-13,11,0,11,Gazeta do Povo demite mais de 10 jornalistas. Repórter premiado internacionalmente está na lista,Portal Comunique-se,http://portal.comunique-se.com.br/index.php/destaque-home/78316-gazeta-do-povo-demite-mais-de-10-jornalistas-reporter-premiado-internacionalmente-esta-na-lista,
Ejesa,Jornal,2015,2015-08-13,30,0,30,"Em grave crise financeira, O Dia demite 30 jornalistas",Portal Imprensa,http://portalimprensa.com.br/noticias/brasil/73782/em+grave+crise+financeira+o+dia+fecha+editorias+e+demite+30+jornalistas,
Grupo Estado,Jornal,2015,2015-08-21,6,0,6,Agência Estado demite jornalistas e alega crise financeira para os cortes,Portal Imprensa,http://portalimprensa.com.br/noticias/ultimas_noticias/73934/agencia+estado+demite+jornalistas+e+alega+crise+financeira+para+os+cortes,
Infoglobo,Jornal,2015,2015-09-01,300,260,40,Infoglobo passa por nova reestruturação; mais de 40 jornalistas são demitidos,Portal Imprensa,http://portalimprensa.com.br/noticias/ultimas_noticias/74105/infoglobo+passa+por+nova+reestruturacao+mais+de+40+jornalistas+sao+demitidos,Pelo menos 40 jornalistas demitidos
Bandeirantes,Rádio e TV,2015,2015-09-21,13,0,13,TV Band Litoral demite 13 jornalistas e justifica cortes por mudanças de grade,Portal Imprensa,http://portalimprensa.com.br/noticias/brasil/74417/tv+band+litoral+demite+13+jornalistas+e+justifica+cortes+por+mudancas+de+grade,
Grupo Estado,Jornal,2015,2015-10-05,30,5,25,"Após incluir música na grade, rádio Estadão demite funcionários e fecha área de esportes",Portal Imprensa,http://portalimprensa.com.br/noticias/brasil/74631/apos+incluir+musica+na+grade+radio+estadao+demite+funcionarios+e+fecha+area+de+esportes,
Editora Três (IstoÉ),Revista,2015,2015-10-06,10,0,10,Status perde equipe e passa a ser trimestral,Meio e Mensagem,http://www.meioemensagem.com.br/home/midia/noticias/2015/10/06/-Status-perde-equipe-e-passa-a-ser-trimestral.html#ixzz3nuBXnxuE ,
ESPN,Rádio e TV,2015,2015-10-21,34,0,34,"Após reestruturação global, ESPN Brasil demite 34 profissionais",Portal Imprensa,http://portalimprensa.com.br/noticias/ultimas_noticias/74876/apos+reestruturacao+global+espn+brasil+demite+34+profissionais,"Outros profissionais foram demitidos, segundo o M&M, sem especificar. Assumimos todos serem jornalistas."
O Popular,Jornal,2015,2015-10-23,4,0,4,O Popular demite quatro profissionais e pode fazer novos cortes até o fim do ano,Portal Imprensa,http://portalimprensa.com.br/noticias/brasil/74905/o+popular+demite+quatro+profissionais+e+pode+fazer+novos+cortes+ate+o+fim+do+ano,
Record,Rádio e TV,2015,2015-11-26,700,700,0,Sindicato critica cortes no complexo de estúdios da Record no RJ,Portal Imprensa,http://portalimprensa.com.br/noticias/brasil/75394/sindicato+critica+cortes+no+complexo+de+estudios+da+record+no+rj,
Rádio Globo/CBN,Rádio e TV,2015,2015-12-01,2,1,1,"Com demissões, CBN e Rádio Globo têm equipes esportivas unificadas em SP",Portal Comunique-se,http://portal.comunique-se.com.br/jo-com/79543-com-demissoes-cbn-e-radio-globo-tem-equipes-esportivas-unificadas-em-sp-leia-mais,
Jornal A Tarde,Jornal,2015,2015-12-02,160,125,35,"Em grave crise, Grupo A Tarde demite 160 funcionários; 35 são jornalistas",Portal Imprensa,http://portalimprensa.com.br/noticias/brasil/75492/em+grave+crise+grupo+a+tarde+demite+160+funcionarios+35+sao+jornalistas,
Infoglobo,Jornal,2015,2015-12-08,30,12,18,“O Globo” demite 30 funcionários; redação é a mais atingida pelos cortes,Portal Imprensa,http://portalimprensa.com.br/noticias/ultimas_noticias/75557/o+globo+demite+30+funcionarios+redacao+e+a+mais+atingida+pelos+cortes,
Folha de Londrina,Jornal,2015,2015-12-17,15,1,14,Jornal de Londrina é encerrado e mais de 10 jornalistas são demitidos,Portal Comunique-se,http://portal.comunique-se.com.br/destaque-home/79709-jornal-de-londrina-e-encerrado-e-mais-de-10-jornalistas-sao-demitidos,
Transamérica,Rádio e TV,2016,2016-01-26,5,5,0,‘Ondas Curtas’: Transamérica dispensa cinco profissionais da equipe esportiva,Portal Comunique-se,http://portal.comunique-se.com.br/artigos-colunas/79984-ondas-curtas-transamerica-dispensa-cinco-profissionais-da-equipe-esportiva,
Grupo Folha,Jornal,2016,2016-02-03,4,0,4,Corte na Folha de S.Paulo atinge várias editorias,Portal dos Jornalistas,http://www.portaldosjornalistas.com.br/noticia/corte-na-folha-s-paulo-atinge-varias-editorias,
iG,Online,2016,2016-02-04,8,0,8,"Portal iG fecha redação em Brasília, dispensa jornalistas e perde diretora de conteúdo",Portal Comunique-se,http://portal.comunique-se.com.br/jo-com/80084-portal-ig-fecha-redacao-em-brasilia-dispensa-jornalistas-e-perde-diretora-de-conteudo,
Record,Rádio e TV,2016,2016-02-12,50,50,0,Record demite mais de 50 auxiliares de cinegrafista e muda estrutura de externas,Portal Comunique-se,http://portal.comunique-se.com.br/jo-com/80121-record-demite-mais-de-50-auxiliares-de-cinegrafista-e-muda-estrutura-de-externas,
Grupo Folha,Jornal,2016,2016-02-15,1,0,1,Isabel Versiani deixa a sucursal da Folha S.Paulo em Brasília,Portal dos Jornalistas,http://www.portaldosjornalistas.com.br/noticia/isabel-versiani-deixa-sucursal-da-folha-s-paulo,
Hoje em Dia,Jornal,2016,2016-03-03,40,0,40,Demissão em massa: cerca de 40 são demitidos do jornal Hoje em Dia,Portal Comunique-se,http://portal.comunique-se.com.br/jo-com/80349-demissao-em-massa-cerca-de-40-sao-demitidos-do-jornal-hoje-em-dia,
Sistema Jangadeiro,Rádio e TV,2016,2016-03-08,16,9,7,Sindicato denuncia demissões de jornalistas em grupo de mídia cearense,Portal Comunique-se,http://portal.comunique-se.com.br/jo-com/80394-sindicato-denuncia-demissoes-de-jornalistas-em-grupo-de-midia-cearense,
Jovem Pan,Rádio e TV,2016,2016-04-06,1,0,1,Silvia Poppovic é demitida da Jovem Pan após cinco meses na emissora,Portal Comunique-se,http://portal.comunique-se.com.br/jo-com/80697-silvia-poppovic-e-demitida-da-jovem-pan-apos-cinco-meses-na-emissora,
Grupo Folha,Jornal,2016,2016-04-12,6,0,6,"Após dois meses, Folha de S.Paulo realiza novos cortes na redação",Portal Imprensa,http://portalimprensa.com.br/noticias/ultimas_noticias/76795/apos+dois+meses+folha+de+spaulo+realiza+novos+cortes+na+redacao,
Jornal da Paraíba,Jornal,2016,2016-04-13,120,120,0,Jornal da Paraíba encerra versão impressa e demite mais de 90 profissionais,Portal Comunique-se,http://portal.comunique-se.com.br/jo-com/80779-jornal-da-paraiba-encerra-versao-impressa-e-demite-mais-de-90-profissionais,Não fala o número de jornalistas especificamente. Inclui mais 30 do ano anterior.
Jornal do Commercio,Jornal,2016,2016-04-28,24,0,24,"Mais antigo da América Latina, Jornal do Commercio fecha as portas e demite toda a redação",Portal Comunique-se,http://portal.comunique-se.com.br/destaque-home/80917-mais-antigo-da-america-latina-jornal-do-commercio-fecha-as-portas-e-demite-toda-a-redacao,
Jornal de Brasília,Jornal,2016,2016-04-28,15,0,15,Jornal de Brasília corta metade da Redação,Portal dos Jornalistas,http://www.portaldosjornalistas.com.br/noticia/jornal-brasilia-corta-metade-da-redacao,
105 FM,Rádio e TV,2016,2016-04-29,7,0,7,Demissões na equipe esportiva da 105 FM de SP,Portal Comunique-se,http://portal.comunique-se.com.br/artigos-colunas/80942-demissoes-na-equipe-esportiva-da-105-fm-de-sp,
Rádio Globo/CBN,Rádio e TV,2016,2016-05-09,6,3,3,Rádio Globo/CBN,Portal Comunique-se,http://portal.comunique-se.com.br/jo-com/81039-cbn-e-radio-globo-unificam-equipes-esportivas-no-rio-de-janeiro,CBN e Rádio Globo
Ejesa,Jornal,2016,2016-06-01,11,0,11,"Em meio a grave crise, Grupo Ejesa demite 11 jornalistas de O Dia e Meia Hora",Portal Imprensa,http://portalimprensa.com.br/noticias/brasil/77304/em+meio+a+grave+crise+grupo+ejesa+demite+11+jornalistas+de+o+dia+e+meia+hora,Ao menos 9
Grupo Estado,Jornal,2016,2016-06-06,2,0,2,"Em busca de nova cara, Estadão demite Luiz Prósperi; veja as outras mudanças",Portal Imprensa,http://portalimprensa.com.br/noticias/ultimas_noticias/76192/em+busca+de+nova+cara+estadao+demite+luiz+prosperi+veja+as+outras+mudancas,
Jovem Pan,Rádio e TV,2016,2016-06-07,3,0,3,Jovem Pan demite trio de jornalistas veteranos,Portal Comunique-se,http://portal.comunique-se.com.br/jo-com/81326-jovem-pan-demite-trio-de-jornalistas-veteranos,
Grupo Folha,Jornal,2016,2016-06-15,8,0,8,"Em novo corte, Folha de S.Paulo demite ao menos oito ",Portal dos Jornalistas,http://www.portaldosjornalistas.com.br/noticia/em-novo-corte-folha-s-paulo-demite-ao-menos-oito,
iG,Online,2016,2016-06-24,2,0,2,Editora que divulgou assédio sofrido por repórter é demitida do iG,Portal Comunique-se,http://portal.comunique-se.com.br/jo-com/81530-editora-que-divulgou-assedio-sofrido-por-reporter-e-demitida-do-ig-leia-mais,Inclui repórter demitida anteriormente
Rede Bom Dia,Jornal,2016,2016-06-29,8,0,8,"Em processo de readequação, Rede Bom Dia demite oito jornalistas",Portal Imprensa,http://portalimprensa.com.br/noticias/ultimas_noticias/77694/em+processo+de+readequacao+rede+bom+dia+demite+oito+jornalistas,
RIC TV,Rádio e TV,2016,2016-07-12,30,22,8,Emissora de TV demite mais de 30 funcionários no Paraná,Portal Comunique-se,http://portal.comunique-se.com.br/jo-com/81705-emissora-de-tv-demite-mais-de-30-funcionarios-no-parana,
Editora Abril,Revista,2016,2016-07-12,2,0,2,Demissões na Veja: revista dispensa Vera Magalhães e redator-chefe,Portal Comunique-se,http://portal.comunique-se.com.br/especiais/81718-demissoes-na-veja-revista-dispensa-vera-magalhaes-e-redator-chefe,
Rádio Globo/CBN,Rádio e TV,2016,2016-07-14,2,0,2,Cláudio Perrout deixa a equipe esportiva da Rádio Globo depois de 15 anos,Portal Comunique-se,http://portal.comunique-se.com.br/jo-com/81753-claudio-perrout-deixa-a-equipe-esportiva-da-radio-globo-depois-de-15-anos,CBN RJ
Rede TV!,Rádio e TV,2016,2016-08-03,1,0,1,Luciano Faccioli é demitido da Rede TV,Portal Comunique-se,http://portal.comunique-se.com.br/jo-com/81979-luciano-faccioli-e-demitido-da-rede-tv,
TV Pajuçara,Rádio e TV,2016,2016-08-27,4,0,4,Crise na imprensa leva TV Pajuçara demitir jornalistas; Gazeta também prepara pacote,AL1,http://al1.com.br/colunistas/bernardino-souto-maior/1847/crise-na-imprensa-leva-tv-pajucara-demitir-jornalistas-gazeta-tambem-prepara-pacote,
Editora PBB,Revista,2016,2016-09-06,4,0,4,Revista Playboy enxuga redação e demite quatro jornalistas,Portal Comunique-se,http://portal.comunique-se.com.br/jo-com/82286-revista-playboy-enxuga-redacao-e-demite-quatro-jornalistas,Dona da Playboy
Grupo Folha,Jornal,2016,2016-09-08,10,0,10,"Folha demite jornalistas, junta editorias e enxuga sucursal no Rio",Portal Comunique-se,http://portal.comunique-se.com.br/destaque-home/82304-folha-demite-mais-de-10-jornalistas-junta-esportes-com-cotidiano-e-enxuga-sucursal-no-rio-de-janeiro,Pelo menos 10 jornalistas demitidos
Correio Popular,Jornal,2016,2016-09-14,3,0,3,"Depois de protestos contra atrasos salariais, jornalistas são demitidos por justa causa",Portal Comunique-se,http://portal.comunique-se.com.br/destaque-home/82348-depois-de-protestos-contra-atrasos-salariais-jornalistas-sao-demitidos-por-justa-causa,
EBC,Online,2016,2016-09-15,30,22,8,"De volta à EBC, Rímoli demite 30 e troca comando da empresa",Jornalistas e Cia,http://www.jornalistasecia.com.br/edicoes/jornalistasecia1071ma05.pdf,
Editora Abril,Revista,2016,2016-09-21,2,0,2,Abril demite diretores de redação da VIP e Superinteressante,Portal Imprensa,http://portalimprensa.com.br/noticias/brasil/78347/abril+demite+diretores+de+redacao+da+vip+e+superinteressante,
O Tempo,Jornal,2016,2016-10-03,1,0,1,"Silvana Mascagna, editora do caderno Magazine de O Tempo, foi demitida",Jornalistas e Cia,http://www.jornalistasecia.com.br/edicoes/jornalistasecia1071ma05.pdf,
ESPN,Rádio e TV,2016,2016-10-05,1,0,1,José Trajano é demitido da ESPN,Portal dos Jornalistas,http://www.portaldosjornalistas.com.br/noticia/jose-trajano-demitido-da-espn,
TV Gazeta,Rádio e TV,2016,2016-10-17,75,73,2,"TV Gazeta confirma demissões, fim de faixa jovem e venda de horário",UOL,http://natelinha.uol.com.br/noticias/2016/10/17/tv-gazeta-confirma-demissoes-fim-de-faixa-jovem-e-venda-de-horario-102804.php,
Correio de Uberlândia,Jornal,2016,2016-11-03,0,0,0,Fechamento anunciado: Correio de Uberlândia se despede das bancas no fim do ano,Portal Imprensa,http://portal.comunique-se.com.br/jo-com/82777-fechamento-anunciado-jornal-correio-de-uberlancia-se-despede-das-bancas-no-fim-do-ano,Não informado número de demitidos
Grupo Estado,Jornal,2016,2016-11-03,2,0,2,Roberto Lameirinhas e Mônica Manir deixam o Estadão,Jornalistas e Cia,http://www.jornalistasecia.com.br/edicoes/jornalistasecia1075et03.pdf,
Rádio Globo/CBN,Rádio e TV,2016,2016-11-04,12,3,9,CBN demite jornalistas e perde afiliada no Nordeste,Portal Imprensa,http://portal.comunique-se.com.br/destaque-home/82787-cbn-demite-jornalistas-e-perde-afiliada-no-nordeste,
Rádio Globo/CBN,Rádio e TV,2016,2016-11-14,1,0,1,"Por “respeito” aos ouvintes, apresentador confirma demissão de Laércio Maciel",Portal Comunique-se,http://portal.comunique-se.com.br/jo-com/82875-por-respeito-aos-ouvintes-apresentador-confirma-demissao-de-laercio-maciel,
TV Globo,Rádio e TV,2016,2016-11-22,1,0,1,Repórter Bruno Laurence é demitido da TV Globo,Portal Comunique-se,http://portal.comunique-se.com.br/jo-com/82919-reporter-bruno-laurence-e-demitido-da-tv-globo,
Rede TV!,Rádio e TV,2016,2016-11-23,3,0,3,Rede TV enxuga redação e demite três jornalistas,Portal Comunique-se,http://portal.comunique-se.com.br/jo-com/82934-rede-tv-enxuga-redacao-e-demite-tres-jornalistas,
Rádio Globo/CBN,Rádio e TV,2016,2016-12-06,11,1,10,Sistema Globo de Rádio demite profissionais com mais de 10 anos de empresa,Portal Comunique-se,http://portal.comunique-se.com.br/artigos-colunas/83009-sistema-globo-de-radio-demite-profissionais-com-mais-de-10-anos-de-empresa,
Rádio Globo/CBN,Rádio e TV,2016,2016-12-06,20,19,1,Rádio Globo fecha as portas em BH e demite jornalistas,Portal Comunique-se,http://portal.comunique-se.com.br/destaque-home/83012-radio-globo-fecha-as-portas-em-bh-e-demite-jornalistas,"Não especifica quantos jornalistas, mas mostra que pelo menos um foi demitido"
Rádio Globo/CBN,Rádio e TV,2016,2016-12-06,5,1,4,CBN volta a demitir e funcionários divulgam carta de repúdio,Blog Sidney Rezende,http://www.sidneyrezende.com/brasil/cbn-demissoes/,Não confundir com outras demissões do Sistema Globo de Rádio reportadas no mesmo dia
Rádio Globo/CBN,Rádio e TV,2016,2016-12-06,4,1,3,CBN desmonta equipe de esportes e demite estrelas,Blog Sidney Rezende,http://www.sidneyrezende.com/brasil/cbn-desmonta-equipe-esportes/,
Grupo Folha,Jornal,2016,2016-12-07,6,2,4,"Em 5° passaralho do ano, Folha demite correspondente em Washington, colunista e jornalistas",Portal Comunique-se,http://portal.comunique-se.com.br/jo-com/83023-em-5-passaralho-do-ano-folha-demite-correspondente-em-washington-colunista-e-jornalistas,
Editora Três (IstoÉ),Revista,2017,2017-01-04,15,0,15,Editora três extingue núcleo e demite 15,Jornalistas e Cia,http://www.jornalistasecia.com.br/edicoes/jornalistasecia1083fr04.pdf,
TV Cultura,Rádio e TV,2017,2017-01-04,2,0,2,"Cláudia Tavares, do Repórter Eco, deixa a TV Cultura",Jornalistas e Cia,http://www.jornalistasecia.com.br/edicoes/jornalistasecia1083fr04.pdf,
Rede Amazônica,Rádio e TV,2017,2017-01-05,1,0,1,Apresentador é demitido de afiliada da TV Globo após criticar governador do Amazonas,Portal Comunique-se,https://portal.comunique-se.com.br/apresentador-e-demitido-de-afiliada-da-tv-globo-apos-criticar-governador-do-amazonas/,
Rede Amazônica,Rádio e TV,2017,2017-01-05,1,0,1,Globo após criticar governador do Amazonas,Portal Comunique-se,http://portal.comunique-se.com.br/apresentador-e-demitido-de-afiliada-da-tv-globo-apos-criticar-governador-do-amazonas/,
Sistema Gurgacz de Comunicação (SGC),Rádio e TV,2017,2017-01-11,20,0,20,SGC demite 17,Jornalistas e Cia,http://www.jornalistasecia.com.br/edicoes/jornalistasecia1084fb11.pdf,
Editora Três (IstoÉ),Revista,2017,2017-01-18,1,0,1,Editora Três inicia processo de demissão por justa causa de Alan Rodrigues,Portal dos Jornalistas,http://www.portaldosjornalistas.com.br/noticia/editora-tres-inicia-processo-demissao-por-justa-causa-alan-rodrigues-,
SBT,Rádio e TV,2017,2017-01-20,2,0,2,SBT dispensa Joyce Ribeiro e Patricia Rocha,Portal Comunique-se,http://portal.comunique-se.com.br/sbt-dispensa-joyce-ribeiro-e-patricia-rocha/,
Infoglobo,Jornal,2017,2017-01-26,40,0,40,Infoglobo unifica unidades de produção de Globo e Extra e demite 40,Jornalistas e Cia,http://portal.comunique-se.com.br/o-globo-demite-jornalistas-das-editorias-de-cultura-economia-e-esportes/,"Como não há discriminação, cargos de dentro de redação, como diagramação e secretaria, foram considerados como jornalistas. Pelos menos 15  certamente contabilizado, mas dá-se a entender que são todos os 40"
Diário de S. Paulo,Jornal,2017,2017-02-01,12,0,12,"Após cortes, situação do Diário de S.Paulo parece normalizada",Jornalistas e Cia,http://www.jornalistasecia.com.br/edicoes/jornalistasecia1087nn01.pdf,
Bandeirantes,Rádio e TV,2017,2017-02-01,40,40,0,MPB FM fecha as portas e cerca de 40 são demitidos,Portal Comunique-se,http://portal.comunique-se.com.br/mpb-fm-fecha-as-portas-e-cerca-de-40-sao-demitidos/,Não há informações sobre jornalistas demitidos na MPB FM
Grupo Estado,Jornal,2017,2017-02-02,7,1,6,‘Ondas Curtas’: demissões na Rádio Estadão e fim de afiliada da CBN,Portal Comunique-se,http://portal.comunique-se.com.br/ondas-curtas-demissoes-na-radio-estadao-e-fim-de-afiliada-da-cbn/,"Rádio Estadão e Eldorado. Nove profissionais foram demitidos das rádios Eldorado e Estadão. Foram desligados da empresa de comunicação dois locutores, duas jornalistas e dois produtores"
Rádio Globo/CBN,Rádio e TV,2017,2017-02-02,15,5,10,‘Ondas Curtas’: demissões na Rádio Estadão e fim de afiliada da CBN,Portal Comunique-se,http://portal.comunique-se.com.br/ondas-curtas-demissoes-na-radio-estadao-e-fim-de-afiliada-da-cbn/,Segundo sindicato SJSP foram 10 jornalistas demitidos http://bit.ly/2omK1xV
Folha de Pernambuco,Jornal,2017,2017-02-08,40,20,20,Sinjope e Fenaj denunciam demissões em massa em Pernambuco,Jornalistas e Cia,http://www.jornalistasecia.com.br/edicoes/jornalistasecia1088lv08.pdf,
Grupo Estado,Jornal,2017,2017-03-08,2,0,2,Grupo Estado anuncia o fim da Rádio Estadão,Jornalistas e Cia,http://www.jornalistasecia.com.br/edicoes/jornalistasecia1092ls08.pdf,
Grupo Estado,Jornal,2017,2017-03-10,2,0,2,Fim da Rádio Estadão: demissões e arrendamento para igreja,Portal Comunique-se,http://portal.comunique-se.com.br/fim-da-radio-estadao/,Rádio Estadão
Bandeirantes,Rádio e TV,2017,2017-03-15,7,1,6,Rádio de esportes da Band acaba e demite equipe,UOL,https://tvefamosos.uol.com.br/colunas/flavio-ricco/2017/03/15/radio-de-esportes-da-band-acaba-e-demite-equipe.htm,"Parceria com banco Bradesco. Números compilados, provavelmente mais demitidos"
A Tarde,Jornal,2017,2017-03-15,17,0,17,A Tarde demitiu 17 na última semana,Jornalistas e Cia,http://www.jornalistasecia.com.br/edicoes/jornalistasecia1092ls08.pdf,
O Dia,Jornal,2017,2017-03-22,6,0,6,Caio Barbosa e a matéria da discórdia,Jornalistas e Cia,http://www.jornalistasecia.com.br/edicoes/jornalistasecia1094md22.pdf,
Grupo Estado,Jornal,2017,2017-03-24,4,2,2,Rádio Eldorado demite quatro profissionais,Portal Comunique-se,http://www.jornalistasecia.com.br/edicoes/jornalistasecia1086pf26.pdf,2 operadores e 2 produtoras
Bandeirantes,Rádio e TV,2017,2017-04-07,1,0,1,Apresentador é demitido em pleno Dia do Jornalista,Portal Comunique-se,http://portal.comunique-se.com.br/apresentador-e-demitido-da-radio-bandeirantes-em-pleno-dia-do-jornalista/,
Grupo Bandeirantes,Rádio e TV,2017,2017-04-12,3,0,3,Rafael Costa deixa Veja. Ana Clara Costa volta à revista,Jornalistas e Cia,http://www.jornalistasecia.com.br/edicoes/jornalistasecia1097gp12.pdf,
Correio do Estado,Jornal,2017,2017-04-13,20,7,13,Jornal de maior circulação do MS demite mais de 10 profissionais,Portal Comunique-se,http://portal.comunique-se.com.br/jornal-de-maior-circulacao-ms-demite-mais-de-10-profissionais/,
UOL,Online,2017,2017-04-17,9,0,9,UOL promove mudanças e programação de conteúdo do UOL Música Deezer é incerta,Portal Comunique-se,http://portal.comunique-se.com.br/uol-promove-mudancas-e-programacao-de-conteudo-uol-musica-deezer-e-incerta/,
Rádio Globo/CBN,Rádio e TV,2017,2017-04-18,1,0,1,"Demitido da CBN, Ethevaldo Siqueira afirma que diretor transformará a rádio em “uma emissora qualquer”",Portal Comunique-se,http://portal.comunique-se.com.br/demitido-da-cbn-ethevaldo-siqueira-afirma-que-diretor-transformara-radio-em-uma-emissora-qualquer/,
Ego,Online,2017,2017-04-18,9,0,9,Rede Globo extingue portal Ego,Jornalistas e Cia,http://www.jornalistasecia.com.br/edicoes/jornalistasecia1098ll19.pdf,
Correio do Povo,Jornal,2017,2017-04-26,1,0,1,Correio do Povo demite Celso Schröder,Jornalistas e Cia,http://www.jornalistasecia.com.br/edicoes/jornalistasecia1099pj26.pdf,
Tribuna do Norte,Jornal,2017,2017-05-06,5,0,5,Grupo fecha ciclo de demissões em Tribuna e Rádio Globo,Blog Carlos Santos,http://blogdocarlossantos.com.br/126627/,Dados exatos via denúncia no canal do Volt Data Lab
Record,Rádio e TV,2017,2017-05-18,2,0,2,Ricardo Kotscho e Nirlando Beirão deixam a Rede Record,Jornalistas e Cia,http://www.jornalistasecia.com.br/edicoes/jornalistasecia1122ha04.pdf,
Bandeirantes,Rádio e TV,2017,2017-05-30,1,0,1,Vanessa Cochi fala sobre demissão do BandNews TV,Portal Comunique-se,http://portal.comunique-se.com.br/vanessa-cochi-fala-sobre-demissao-da-bandnews-tv/,
Gazeta do Povo,Jornal,2017,2017-06-02,62,52,10,Fim da versão impressa da Gazeta do Povo provoca mais de 60 demissões,Portal Comunique-se,http://portal.comunique-se.com.br/fim-da-versao-impressa-da-gazeta-do-povo-provoca-mais-de-60-demissoes/,
TV Tem,Rádio e TV,2017,2017-06-08,36,27,9,"Afiliada da Globo, TV Tem demite mais de 30 profissionais em reestruturação",Portal Comunique-se,http://portal.comunique-se.com.br/afiliada-da-globo-tv-tem-demissao-30-profissionais-reestruturacao/,
Bandeirantes,Rádio e TV,2017,2017-07-10,1,0,1,"Demitida, Fabíola Figueiredo fala em desrespeito na Band: Estou amamentando",Portal Imprensa,http://portalimprensa.com.br/noticias/brasil/79341/demitida+fabiola+figueiredo+fala+em+desrespeito+na+band+estou+amamentando,
Gshow,Online,2017,2017-07-19,21,1,20,Gshow corta mais de 20 como parte da reformulação dos sites da Globo.com,Jornalistas e Cia,http://www.jornalistasecia.com.br/edicoes/jornalistasecia1111ap19.pdf,
Bandeirantes,Rádio e TV,2017,2017-08-07,2,0,2,Rádio Bandeirantes demite repórter e correspondente experientes,Portal Comunique-se,http://portal.comunique-se.com.br/radio-bandeirantes-demite-reporter-e-correspondente-experientes/,
Record,Rádio e TV,2017,2017-08-30,4,0,4,Cortes na Record,Jornalistas e Cia,http://www.jornalistasecia.com.br/edicoes/jornalistasecia1117sb30.pdf,
RBS,Jornal,2017,2017-09-21,1,1,0,Verissimo diz que saída de ZH foi “decisão administrativa”,Jornalistas e Cia,http://www.jornalistasecia.com.br/edicoes/jornalistasecia1120gr20.pdf,
Jovem Pan,Rádio e TV,2017,2017-10-11,4,0,4,Jovem Pan demite repórteres e promove mudanças internas,Portal Comunique-se,https://portal.comunique-se.com.br/jovem-pan-demite-reporteres-e-promove-mudancas-internas/,Soma com demissão de Caio Blinder
Jovem Pan,Rádio e TV,2017,2017-10-12,3,0,3,Jovem Pan promove mudanças no jornalismo,Portal Comunique-se,http://portalimprensa.com.br/noticias/brasil/79727/jovem+pan+promove+mudancas+no+jornalismo,
TV Globo,Rádio e TV,2017,2017-10-17,25,0,25,"Demissões afetam TV Globo, SporTV e GloboEsporte.com",Portal Comunique-se,https://portal.comunique-se.com.br/demissoes-afetam-tv-globo-sportv-e-globoesporte-com/,
Grupo Folha,Jornal,2017,2017-10-18,1,0,1,Demissão de repórter da Folha de S.Paulo gera polêmica na web,Jornalistas e Cia,http://www.jornalistasecia.com.br/edicoes/jornalistasecia1124gg18.pdf,
Bandeirantes,Rádio e TV,2017,2017-10-26,1,0,1,Vaivém-SP,Jornalistas e Cia,http://www.jornalistasecia.com.br/edicoes/jornalistasecia1125gg25.pdf,
Jornal do Commercio,Jornal,2017,2017-11-08,4,0,4,Jornal do Commercio muda processos de edição e corta quatro,Jornalistas e Cia,http://www.jornalistasecia.com.br/edicoes/jornalistasecia1127fh08.pdf,
TV Gazeta,Rádio e TV,2017,2017-11-10,40,40,0,TV Gazeta demite 40 funcionários; produção passa a ser terceirizada,Portal Imprensa,http://portalimprensa.com.br/noticias/brasil/79866/tv+gazeta+demite+40+funcionarios+producao+passa+a+ser+terceirizada,sem informações sobre demitidos
UCS TV,Rádio e TV,2017,2017-11-15,13,13,0,UCS TV anuncia encerramento de atividades e demissões,Jornalistas e Cia,http://www.jornalistasecia.com.br/edicoes/jornalistasecia1128er15.pdf,sem informações sobre demitidos
SBT,Rádio e TV,2017,2017-11-22,200,200,0,Cortes em TVs atingem mais de 200,Jornalistas e Cia,http://www.jornalistasecia.com.br/edicoes/jornalistasecia1129rj22.pdf,sem informações sobre demitidos
TV Amazonas,Rádio e TV,2017,2017-11-22,45,40,5,Demissão em massa na TV Amazonas,Jornalistas e Cia,http://www.jornalistasecia.com.br/edicoes/jornalistasecia1129rj22.pdf,
Sistema Verdes Mares,Rádio e TV,2017,2017-11-22,10,0,10,Seção Nordeste,Portal Comunique-se,http://www.jornalistasecia.com.br/edicoes/jornalistasecia1129rj22.pdf,entre 7 e 10 jornalistas
ESPN,Rádio e TV,2017,2017-12-01,6,0,6,Baixas significativas na ESPN Brasil,Portal Comunique-se,https://portal.comunique-se.com.br/baixas-helvidio-mattos-espn-brasil/,
Record,Rádio e TV,2017,2017-12-02,6,0,6,Record demite jornalistas do R7,Jornalistas e Cia,https://portal.comunique-se.com.br/record-demite-jornalistas-do-r7/,
Rádio Globo/CBN,Rádio e TV,2017,2017-12-07,1,0,1,CBN demite o premiado repórter Che Oliveira,Portal Comunique-se,https://portal.comunique-se.com.br/danuza-leao-no-globo-demissao-na-cbn-e-emissora-reformulada/,
A Tribuna,Jornal,2017,2017-12-12,100,80,20,A Tribuna (ES) corta ao menos 12,Sindicato dos Jornalistas do ES,http://www.jornalistasecia.com.br/edicoes/jornalistasecia1132pj13.pdf,Pode chegar a 20 em janeiro
Editora Abril,Revista,2017,2017-12-13,170,153,17,Abril confirma demissões mas nega recuperação judicial,Portal dos Jornalistas,http://www.portaldosjornalistas.com.br/abril-confirma-demissoes-mas-nega-recuperacao-judicial/,
Record,Rádio e TV,2017,2017-12-15,21,0,21,Retaliação: R7 demite mais de 20 jornalistas envolvidos em paralisação,Portal Comunique-se,https://portal.comunique-se.com.br/retaliacao-r7-demite-mais-de-20-jornalistas-envolvidos-em-paralisacao/,
Editora Abril,Revista,2018,2018-01-02,170,153,17,Abril confirma demissões mas nega recuperação judicial,Jornalistas e Cia,http://www.jornalistasecia.com.br/edicoes/jornalistasecia1133.pdf,
Bandeirantes,Rádio e TV,2018,2018-01-23,130,115,15,Sindicatos unem-se em ação judicial contra demissão coletiva da Band,Jornalistas e Cia,http://www.jornalistasecia.com.br/edicoes/jornalistasecia1136.pdf,Pelo menos 15 jornalistas https://portal.comunique-se.com.br/transicao-2017-2018-e-marcada-por-demissoes-na-imprensa/
Infoglobo,Jornal,2018,2018-01-30,30,0,30,Integração Globo-Época começou com demissões em São Paulo e Brasília,Buzzfeed,https://www.buzzfeed.com/gracilianorocha/integracao-globo-epoca-comecou-com-demissoes-em-sao-paulo-e?origin=shp&utm_term=.upXAO63a7#.qdMbrJQm8,
TodoDia,Jornal,2018,2018-01-31,5,0,5,Transição 2017-2018 é marcada por demissões na imprensa,Portal Comunique-se,https://portal.comunique-se.com.br/transicao-2017-2018-e-marcada-por-demissoes-na-imprensa/,
Rede CNT,Rádio e TV,2018,2018-01-31,5,0,5,Transição 2017-2018 é marcada por demissões na imprensa,Portal Comunique-se,https://portal.comunique-se.com.br/transicao-2017-2018-e-marcada-por-demissoes-na-imprensa/,
Sempre Editora,Jornal,2018,2018-03-05,9,9,9,"Com cortes, nove deixam as redações da Sempre Editora",Jornalistas e Cia,http://www.jornalistasecia.com.br/edicoes/jornalistasecia1142wp28.pdf,
Infoglobo,Jornal,2018,2018-03-05,2,0,2,George Vidor e Guilherme Fiuza despedem-se do Globo ,Jornalistas e Cia,http://www.jornalistasecia.com.br/edicoes/jornalistasecia1142wp28.pdf,
EBC,Rádio e TV,2018,2018-03-12,1,0,1,Sindicato diz que demissão de Décio Trujilo foi política. EBC nega,Jornalistas e Cia,http://www.jornalistasecia.com.br/edicoes/jornalistasecia1143mr07.pdf,
Editora Caras,Revista,2018,2018-03-27,20,0,20,Editora Caras vende revistas e demite jornalistas,Portal Comunique-se,https://portal.comunique-se.com.br/editora-caras-vende-revistas-e-demite-jornalistas/,pelo menos 20 profissionais
Editora Abril,Revista,2018,2018-04-03,100,99,1,"Em novo corte, Abril demite cerca de cem funcionários",Jornalistas e Cia,http://www.jornalistasecia.com.br/edicoes/jornalistasecia1146pa28.pdf,
Record,Rádio e TV,2018,2018-04-03,2,0,2,Daniel de Andrade reestrutura equipe da RecordTV-RS,Jornalistas e Cia,http://www.jornalistasecia.com.br/edicoes/jornalistasecia1146pa28.pdf,
Grupo Folha,Jornal,2018,2018-04-17,10,0,10,Folha e Agora passam a ter redação unificada. Jornalistas são demitidos,Portal Comunique-se,https://portal.comunique-se.com.br/folha-e-agora-passam-a-ter-redacao-unificada-jornalistas-sao-demitidos/,
Editora Três (IstoÉ),Revista,2018,2018-07-10,7,5,2,IstoÉ fecha sucursal no Rio. Eliane Lobato deixa a Editora Três após 18 anos,Jornalistas e Cia,http://www.jornalistasecia.com.br/edicoes/jornalistasecia1160ie04.pdf,
Editora Abril,Revista,2018,2018-08-06,500,329,171,"Editora Abril deve demitir 500 pessoas, 171 jornalistas até 4ª feira",Poder360,https://www.poder360.com.br/midia/editora-abril-deve-demitir-500-pessoas-171-jornalistas-ate-4a-feira/,
